AnimalID,Age,Sex,GenoType,Strain,ExpName,Housing,LightCycle,PISiteUser,SessionName,Image,Image_Description,Analysis_Name,Schedule_Name,Max_Number_Trials,Max_Schedule_Time,Date_Time,CORRECT REWARD COLLECTION _1,CORRECT REWARD COLLECTION _2,CORRECT REWARD COLLECTION _3,CORRECT REWARD COLLECTION _4,CORRECT REWARD COLLECTION _5,CORRECT REWARD COLLECTION _6,CORRECT REWARD COLLECTION _7,CORRECT REWARD COLLECTION _8,CORRECT REWARD COLLECTION _9,CORRECT REWARD COLLECTION _10,CORRECT REWARD COLLECTION _11,CORRECT REWARD COLLECTION _12,CORRECT REWARD COLLECTION _13,CORRECT REWARD COLLECTION _14,CORRECT REWARD COLLECTION _15,CORRECT REWARD COLLECTION _16,CORRECT REWARD COLLECTION _17,CORRECT REWARD COLLECTION _18,CORRECT REWARD COLLECTION _19,CORRECT REWARD COLLECTION _20,CORRECT REWARD COLLECTION _21,CORRECT REWARD COLLECTION _22,CORRECT REWARD COLLECTION _23,CORRECT REWARD COLLECTION _24,CORRECT REWARD COLLECTION _25,CORRECT REWARD COLLECTION _26,CORRECT REWARD COLLECTION _27,CORRECT REWARD COLLECTION _28,CORRECT REWARD COLLECTION _29,CORRECT REWARD COLLECTION _30,CORRECT TOUCH LATENCY _1,CORRECT TOUCH LATENCY _2,CORRECT TOUCH LATENCY _3,CORRECT TOUCH LATENCY _4,CORRECT TOUCH LATENCY _5,CORRECT TOUCH LATENCY _6,CORRECT TOUCH LATENCY _7,CORRECT TOUCH LATENCY _8,CORRECT TOUCH LATENCY _9,CORRECT TOUCH LATENCY _10,CORRECT TOUCH LATENCY _11,CORRECT TOUCH LATENCY _12,CORRECT TOUCH LATENCY _13,CORRECT TOUCH LATENCY _14,CORRECT TOUCH LATENCY _15,CORRECT TOUCH LATENCY _16,CORRECT TOUCH LATENCY _17,CORRECT TOUCH LATENCY _18,CORRECT TOUCH LATENCY _19,CORRECT TOUCH LATENCY _20,CORRECT TOUCH LATENCY _21,CORRECT TOUCH LATENCY _22,CORRECT TOUCH LATENCY _23,CORRECT TOUCH LATENCY _24,CORRECT TOUCH LATENCY _25,CORRECT TOUCH LATENCY _26,CORRECT TOUCH LATENCY _27,CORRECT TOUCH LATENCY _28,CORRECT TOUCH LATENCY _29,CORRECT TOUCH LATENCY _30,END SUMMARY - % CORRECT _1,END SUMMARY - CONDITION _1,END SUMMARY - INCORRECT TOUCHES _1,END SUMMARY - TRIALS COMPLETED _1,INCORRECT TOUCH LATENCY _1,INCORRECT TOUCH LATENCY _2,INCORRECT TOUCH LATENCY _3,INCORRECT TOUCH LATENCY _4,INCORRECT TOUCH LATENCY _5,INCORRECT TOUCH LATENCY _6,INCORRECT TOUCH LATENCY _7,INCORRECT TOUCH LATENCY _8,INCORRECT TOUCH LATENCY _9,INCORRECT TOUCH LATENCY _10,INCORRECT TOUCH LATENCY _11,INCORRECT TOUCH LATENCY _12,INCORRECT TOUCH LATENCY _13,INCORRECT TOUCH LATENCY _14,INCORRECT TOUCH LATENCY _15,CORRECT REWARD COLLECTION _31,CORRECT REWARD COLLECTION _32,CORRECT REWARD COLLECTION _33,CORRECT REWARD COLLECTION _34,CORRECT REWARD COLLECTION _35,CORRECT REWARD COLLECTION _36,CORRECT TOUCH LATENCY _31,CORRECT TOUCH LATENCY _32,CORRECT TOUCH LATENCY _33,CORRECT TOUCH LATENCY _34,CORRECT TOUCH LATENCY _35,CORRECT TOUCH LATENCY _36,INCORRECT TOUCH LATENCY _16,INCORRECT TOUCH LATENCY _17,INCORRECT TOUCH LATENCY _18,INCORRECT TOUCH LATENCY _19,INCORRECT TOUCH LATENCY _20,INCORRECT TOUCH LATENCY _21,INCORRECT TOUCH LATENCY _22,INCORRECT TOUCH LATENCY _23,INCORRECT TOUCH LATENCY _24
Enf171m11,11_13     ,m, VAChT^En1-Cre-flox/flox,VAChT^En1-Cre-flox/flox,OK_En1CreVAChTfx_PAL,Single-housed,Diurnal light cycle,Dr. Marco Prado - Robarts Research Institute - Ornela-Kljakic,PAL-Acquisition,<img src ="../assets/task_images/800x600-left-diagonal-full-228x228.bmp" width='30' height='30' style='margin-top:15px;'/>;<img src ="../assets/task_images/800x600-right-diagonal-full-228x228.bmp" width='30' height='30' style='margin-top:15px;'/>;<img src ="../assets/task_images/800x600-vertical-full-228x228.bmp" width='30' height='30' style='margin-top:15px;'/>,,PAL Acquisition,Mouse dPAL acquisition SIMPLE v3,30,3600,12/12/16 08:36:39,1.131,1.304,0.935,1.009,1.06,0.9,0.875,1.115,1.024,1.049,1.044,1.045,1.487,1.171,0.968,1.206,0.975,0.98,0.968,1.011,0.874,0.989,0.971,1.033,0.893,0.957,0.901,1.103,1.008,0.919,10.963,2.548,2.942,6.491,8.93,1.009,5.431,7.672,1.136,0.92,1.282,1.541,1.156,3.395,1.009,1.208,2.719,3.18,5.778,0.839,0.821,1.428,2.065,3.394,4.604,1.97,0.932,3.674,12.853,6.731,100,837.328,59,30,1.27,1.298,0.969,1.859,1.223,4.457,2.09,1.783,1.129,1.545,0.838,0.93,1.063,1.041,1.426,,,,,,,,,,,,,,,,,,,,,
Enf172m5,11_13     ,m, VAChT^En1-Cre-flox/flox,VAChT^En1-Cre-flox/flox,OK_En1CreVAChTfx_PAL,Single-housed,Diurnal light cycle,Dr. Marco Prado - Robarts Research Institute - Ornela-Kljakic,PAL-Acquisition,<img src ="../assets/task_images/800x600-left-diagonal-full-228x228.bmp" width='30' height='30' style='margin-top:15px;'/>;<img src ="../assets/task_images/800x600-right-diagonal-full-228x228.bmp" width='30' height='30' style='margin-top:15px;'/>;<img src ="../assets/task_images/800x600-vertical-full-228x228.bmp" width='30' height='30' style='margin-top:15px;'/>,,PAL Acquisition,Mouse dPAL acquisition SIMPLE v3,30,3600,12/12/16 08:36:42,1.022,1.071,0.894,1.359,1.146,1,1.171,1.02,0.956,1.186,1.04,1.167,0.833,1.465,1.908,4.94,0.857,5.407,0.907,1.768,1.206,0.872,0.957,0.888,0.867,0.88,8.147,0.907,0.871,1.362,9.877,2.598,14.725,16.835,2.046,1.646,30.063,2.353,6.175,65.288,5.393,43.779,18.472,33.475,21.342,184.086,4.644,54.154,143.017,42.005,22.661,9.859,74.957,1.13,1.178,2.143,126.294,9.53,29.183,14.933,100,1763.986,163,30,2.434,4.285,2.693,3.567,3.467,16.522,1.687,24.566,9.334,37.922,9.024,24.605,11.934,25.604,,,,,,,,,,,,,,,,,,,,,,
Enf175m5,11_13     ,m,VAChT^flox/flox,VAChT^En1-Cre-flox/flox,OK_En1CreVAChTfx_PAL,Single-housed,Diurnal light cycle,Dr. Marco Prado - Robarts Research Institute - Ornela-Kljakic,PAL-Acquisition,<img src ="../assets/task_images/800x600-left-diagonal-full-228x228.bmp" width='30' height='30' style='margin-top:15px;'/>;<img src ="../assets/task_images/800x600-right-diagonal-full-228x228.bmp" width='30' height='30' style='margin-top:15px;'/>;<img src ="../assets/task_images/800x600-vertical-full-228x228.bmp" width='30' height='30' style='margin-top:15px;'/>,,PAL Acquisition,Mouse dPAL acquisition SIMPLE v3,36,3600,12/19/16 07:53:15,2.19,0.824,1.077,0.896,0.739,1.052,1.012,1.073,0.877,0.891,0.867,1.089,0.825,0.826,0.814,0.899,1.646,0.865,0.836,0.791,0.827,0.916,0.851,5.429,0.827,0.958,0.919,1.184,1.149,0.836,6.699,0.96,13.956,8.409,1.664,3.755,9.615,14.709,4.212,14.103,4.613,9.048,2.08,6.666,6.519,10.217,6.446,5.35,5.118,45.443,3.546,8.217,7.272,516.294,10.154,19.601,89.022,12.909,6.981,12.673,100,2093.775,137,36,4.448,1.947,1.439,1.75,1.906,6.522,1.923,1.999,3.266,4.047,2.806,2.732,2.484,3.681,6.646,0.888,0.841,0.716,0.914,0.787,0.986,1.895,8.735,1.464,10.27,1.289,49.531,5.184,10.076,4.305,4.292,3.494,7.792,1.165,,
Enf172m2,11_13     ,m,VAChT^flox/flox,VAChT^En1-Cre-flox/flox,OK_En1CreVAChTfx_PAL,Single-housed,Diurnal light cycle,Dr. Marco Prado - Robarts Research Institute - Ornela-Kljakic,PAL-Acquisition,<img src ="../assets/task_images/800x600-left-diagonal-full-228x228.bmp" width='30' height='30' style='margin-top:15px;'/>;<img src ="../assets/task_images/800x600-right-diagonal-full-228x228.bmp" width='30' height='30' style='margin-top:15px;'/>;<img src ="../assets/task_images/800x600-vertical-full-228x228.bmp" width='30' height='30' style='margin-top:15px;'/>,,PAL Acquisition,Mouse dPAL acquisition SIMPLE v3,36,3600,12/22/2016 7:47:43 AM,0.848,1.451,0.899,0.88,0.886,3.163,0.94,1.346,0.867,1.102,2.287,1.091,1.091,9.331,1.206,1.024,1.169,0.965,0.915,0.933,1.024,1.179,1.172,1.51,0.898,0.906,1.234,0.801,1.146,0.884,1.421,1.455,5.081,2.087,1.868,9.502,5.787,9.053,1.519,1.427,8.78,6.621,1.433,6.875,7.351,1.903,1.362,2.137,0.908,33.597,6.146,5.746,1.633,3.326,0.829,1.865,2.358,1.168,4.92,1.553,100,1103.474,111,36,2.564,1.84,1.197,0.855,0.978,2.488,1.459,1.467,1.92,1.045,2.174,2.159,1.781,3.672,3.816,0.921,1.077,1.14,1.008,0.869,0.896,14.576,1.772,2.519,2.041,1.646,4.676,0.903,1.085,0.814,,,,,,
Enf176m3,11_13     ,m, VAChT^En1-Cre-flox/flox,VAChT^En1-Cre-flox/flox,OK_En1CreVAChTfx_PAL,Single-housed,Diurnal light cycle,Dr. Marco Prado - Robarts Research Institute - Ornela-Kljakic,PAL-Acquisition,<img src ="../assets/task_images/800x600-left-diagonal-full-228x228.bmp" width='30' height='30' style='margin-top:15px;'/>;<img src ="../assets/task_images/800x600-right-diagonal-full-228x228.bmp" width='30' height='30' style='margin-top:15px;'/>;<img src ="../assets/task_images/800x600-vertical-full-228x228.bmp" width='30' height='30' style='margin-top:15px;'/>,,PAL Acquisition,Mouse dPAL acquisition SIMPLE v3,36,3600,12/22/2016 7:47:38 AM,1.264,0.889,1.928,1.19,1.621,2.056,1.233,1.695,1.285,1.411,1.257,1.932,1.195,1.058,1.214,1.765,1.258,1.233,1.097,0.932,1.154,1.22,2.018,1.43,1.36,1.022,1.031,1.133,1.342,1.275,13.823,1.855,51.472,2.261,2.01,1.248,3.661,16.798,4.818,1.303,1.878,20.28,3.86,3.867,8.281,3.864,16.669,11.387,1.651,41.998,13.82,2.538,24.33,24.591,11.668,5.618,24.052,25.421,13.479,1.329,100,1409.711,195,36,8.489,1.794,2.439,9.513,1.778,1.303,7.054,8.999,6.67,4.548,3.152,18.396,3.137,2.228,1.795,1.112,1.223,1.011,1.528,1.018,1.01,1.685,11.32,7.66,22.981,2.039,1.737,6.414,1.454,,,,,,,
Enf167m2,11_13     ,m, VAChT^En1-Cre-flox/flox,VAChT^En1-Cre-flox/flox,OK_En1CreVAChTfx_PAL,Single-housed,Diurnal light cycle,Dr. Marco Prado - Robarts Research Institute - Ornela-Kljakic,PAL-Acquisition,<img src ="../assets/task_images/800x600-left-diagonal-full-228x228.bmp" width='30' height='30' style='margin-top:15px;'/>;<img src ="../assets/task_images/800x600-right-diagonal-full-228x228.bmp" width='30' height='30' style='margin-top:15px;'/>;<img src ="../assets/task_images/800x600-vertical-full-228x228.bmp" width='30' height='30' style='margin-top:15px;'/>,,PAL Acquisition,Mouse dPAL acquisition SIMPLE v3,36,3600,12/06/16 09:57:36,1.03,0.893,0.777,0.893,0.889,0.913,0.849,1.266,0.819,0.761,0.805,0.819,1.172,1.152,0.784,0.747,0.767,0.803,1.221,0.943,1.793,1.771,0.73,1.023,1.513,1.147,0.679,2.725,0.926,1.27,4.371,4.683,1.671,1.124,7.807,2.496,2.576,9.932,1.47,1.686,1.655,8.236,9.362,8.729,2.611,1.901,5.797,7.926,3.413,9.058,11.905,8.648,3.205,1.455,0.954,5.704,1.918,8.175,1.52,3.244,100,976.395,66,36,2.306,2.39,3.432,1.361,3.242,1.898,3.333,1.703,2.147,2.146,5.07,2.131,1.802,1.153,7.116,0.709,0.841,0.748,0.906,0.688,0.903,4.483,1.418,0.951,8.911,1.541,6.356,,,,,,,,,
Enf168m6,11_13     ,m, VAChT^En1-Cre-flox/flox,VAChT^En1-Cre-flox/flox,OK_En1CreVAChTfx_PAL,Single-housed,Diurnal light cycle,Dr. Marco Prado - Robarts Research Institute - Ornela-Kljakic,PAL-Acquisition,<img src ="../assets/task_images/800x600-left-diagonal-full-228x228.bmp" width='30' height='30' style='margin-top:15px;'/>;<img src ="../assets/task_images/800x600-right-diagonal-full-228x228.bmp" width='30' height='30' style='margin-top:15px;'/>;<img src ="../assets/task_images/800x600-vertical-full-228x228.bmp" width='30' height='30' style='margin-top:15px;'/>,,PAL Acquisition,Mouse dPAL acquisition SIMPLE v3,36,3600,12/06/16 09:56:48,1.071,0.872,0.81,0.913,1.091,0.957,3.212,0.806,0.8,1.001,0.802,1.091,0.871,0.799,0.889,0.817,0.788,1.085,0.921,0.943,1.001,0.85,0.967,0.909,0.927,0.993,0.894,1.006,0.857,0.737,4.35,2.407,7.376,4.183,6.43,1.327,5.956,5.901,2.005,1.657,2.246,5.281,4.023,2.045,2.416,2.072,3.144,16.514,6.005,1.352,1.28,4.162,21.324,2.61,1.331,2.152,1.37,3.782,1.76,3.031,100,1039.014,90,36,1.259,1.721,1.459,2.03,1.261,1.702,1.735,3.167,2.489,1.656,1.286,1.265,1.371,1.141,2.14,0.977,0.837,0.997,0.961,0.79,0.823,3.863,5.954,8.172,7.138,12.882,3.008,3.215,1.217,,,,,,,
Enf169m2,11_13     ,m, VAChT^En1-Cre-flox/flox,VAChT^En1-Cre-flox/flox,OK_En1CreVAChTfx_PAL,Single-housed,Diurnal light cycle,Dr. Marco Prado - Robarts Research Institute - Ornela-Kljakic,PAL-Acquisition,<img src ="../assets/task_images/800x600-left-diagonal-full-228x228.bmp" width='30' height='30' style='margin-top:15px;'/>;<img src ="../assets/task_images/800x600-right-diagonal-full-228x228.bmp" width='30' height='30' style='margin-top:15px;'/>;<img src ="../assets/task_images/800x600-vertical-full-228x228.bmp" width='30' height='30' style='margin-top:15px;'/>,,PAL Acquisition,Mouse dPAL acquisition SIMPLE v3,30,3600,12/12/16 07:22:08,,,,,,,,,,,,,,,,,,,,,,,,,,,,,,,,,,,,,,,,,,,,,,,,,,,,,,,,,,,,,0,1148.154,0,0,,,,,,,,,,,,,,,,,,,,,,,,,,,,,,,,,,,,
Enf170m6,11_13     ,m,VAChT^flox/flox,VAChT^En1-Cre-flox/flox,OK_En1CreVAChTfx_PAL,Single-housed,Diurnal light cycle,Dr. Marco Prado - Robarts Research Institute - Ornela-Kljakic,PAL-Acquisition,<img src ="../assets/task_images/800x600-left-diagonal-full-228x228.bmp" width='30' height='30' style='margin-top:15px;'/>;<img src ="../assets/task_images/800x600-right-diagonal-full-228x228.bmp" width='30' height='30' style='margin-top:15px;'/>;<img src ="../assets/task_images/800x600-vertical-full-228x228.bmp" width='30' height='30' style='margin-top:15px;'/>,,PAL Acquisition,Mouse dPAL acquisition SIMPLE v3,36,3600,12/06/16 09:56:07,0.676,0.958,0.959,1.001,0.694,1.1,1.362,1.052,0.891,0.662,1.01,0.89,0.878,0.764,0.928,1.016,0.861,1.154,1.112,1.318,0.934,1.261,0.942,1.123,1.065,1.048,1.826,0.807,0.705,1.328,1.948,13.362,17.663,2.118,1.446,7.739,6.957,3.567,3.143,1.845,12.909,3.77,7.006,1.587,10.302,2.605,7.052,5.607,3.887,3.733,5.36,8.431,4.58,6.496,2.099,11.524,3.817,1.707,2.591,3.505,100,1087.703,102,36,1.379,3.086,3.079,2.96,2.648,1.649,2.138,5.81,2.256,3.48,2.137,1.497,1.505,2.222,3.419,0.841,0.765,1.091,0.764,1.198,0.836,2.305,1.678,7.146,3.136,4.573,2.899,1.601,2.13,1.364,4.336,1.821,2.443,,,
Enf173m4,11_13     ,m,VAChT^flox/flox,VAChT^En1-Cre-flox/flox,OK_En1CreVAChTfx_PAL,Single-housed,Diurnal light cycle,Dr. Marco Prado - Robarts Research Institute - Ornela-Kljakic,PAL-Acquisition,<img src ="../assets/task_images/800x600-left-diagonal-full-228x228.bmp" width='30' height='30' style='margin-top:15px;'/>;<img src ="../assets/task_images/800x600-right-diagonal-full-228x228.bmp" width='30' height='30' style='margin-top:15px;'/>;<img src ="../assets/task_images/800x600-vertical-full-228x228.bmp" width='30' height='30' style='margin-top:15px;'/>,,PAL Acquisition,Mouse dPAL acquisition SIMPLE v3,36,3600,12/19/16 7:39:54 AM,0.811,0.79,0.727,0.803,0.914,1.366,0.755,0.917,0.978,0.971,0.884,0.62,0.882,0.805,0.886,0.866,0.878,0.97,1.027,0.833,1.488,0.909,1.062,1.415,0.908,1.005,1.02,0.947,1.184,0.848,1.135,5.148,1.64,0.711,0.876,6.489,0.725,2.148,0.835,4.89,3.395,3.931,3.812,1.26,13.069,2.451,0.788,0.915,3.301,2.034,1.195,2.098,2.249,15.992,1.443,5.944,1.423,11.086,0.944,0.745,100,952.757,72,36,0.733,1.074,0.739,0.714,1.278,2.025,1.101,1.434,0.882,0.836,0.82,2.435,0.841,1.091,1.143,1.257,1.121,1.23,1.242,1.006,0.742,2.55,13.861,1.926,7.903,1.432,4.525,1.089,1.247,0.838,,,,,,
Enf176m2,11_13     ,m,VAChT^flox/flox,VAChT^En1-Cre-flox/flox,OK_En1CreVAChTfx_PAL,Single-housed,Diurnal light cycle,Dr. Marco Prado - Robarts Research Institute - Ornela-Kljakic,PAL-Acquisition,<img src ="../assets/task_images/800x600-left-diagonal-full-228x228.bmp" width='30' height='30' style='margin-top:15px;'/>;<img src ="../assets/task_images/800x600-right-diagonal-full-228x228.bmp" width='30' height='30' style='margin-top:15px;'/>;<img src ="../assets/task_images/800x600-vertical-full-228x228.bmp" width='30' height='30' style='margin-top:15px;'/>,,PAL Acquisition,Mouse dPAL acquisition SIMPLE v3,36,3600,12/19/16 7:40:05 AM,1.304,1.587,1.02,0.873,0.789,1.103,0.887,0.922,0.923,0.777,0.871,1.076,0.875,0.903,0.857,1.005,1.184,1.054,1.251,0.793,0.905,0.832,1.081,0.802,0.896,0.896,1.08,1.056,1.907,1.133,1.313,1.704,11.802,1.113,0.942,4.014,1.366,1.087,2.776,2.454,1.321,1.32,2.196,1.419,2.361,1.392,7.968,5.46,1.081,2.617,1.217,0.964,3.605,2.427,2.919,1.215,3.772,11.725,2.203,0.931,100,960.254,70,36,0.769,1.226,2.702,0.98,1.607,1.038,1.092,1.698,1.763,0.949,1.442,1.421,1.352,1.31,0.998,1.223,0.954,1.5,0.967,1.099,0.929,2.313,1.233,0.972,7.452,2.79,1.948,1.012,,,,,,,,
Enf167m4,11_13     ,m, VAChT^En1-Cre-flox/flox,VAChT^En1-Cre-flox/flox,OK_En1CreVAChTfx_PAL,Single-housed,Diurnal light cycle,Dr. Marco Prado - Robarts Research Institute - Ornela-Kljakic,PAL-Acquisition,<img src ="../assets/task_images/800x600-left-diagonal-full-228x228.bmp" width='30' height='30' style='margin-top:15px;'/>;<img src ="../assets/task_images/800x600-right-diagonal-full-228x228.bmp" width='30' height='30' style='margin-top:15px;'/>;<img src ="../assets/task_images/800x600-vertical-full-228x228.bmp" width='30' height='30' style='margin-top:15px;'/>,,PAL Acquisition,Mouse dPAL acquisition SIMPLE v3,36,3600,12/6/2016 9:40:28 AM,1.206,0.957,1.216,1.089,1.122,0.99,1.449,1.47,1.013,1.019,1.217,0.931,1.272,1.283,1.308,0.901,1.319,1.184,1.324,5.882,1.33,1.73,1.555,1.611,1.197,1.047,0.973,1.276,1.067,1.325,7.975,0.975,1.071,1.103,9.036,4.26,1.043,3.545,1.432,1.85,5.319,4.657,1.606,5.814,7.147,4.769,12.583,3.74,10.701,124.646,18.443,4.241,3.861,1.326,4.313,11.505,11.635,8.785,8.277,4.542,100,1538.903,144,36,3.055,1.2,1.131,2.869,1.075,10.324,1.968,5.375,3.61,2.926,1.627,5.214,3.119,1.924,1.564,1.309,2.372,1.581,1.329,1.087,2.244,8.182,12.907,11.092,26.846,3.625,248.208,1.311,1.307,1.117,4.233,6.958,1.262,,,
Enf168m7,11_13     ,m,VAChT^flox/flox,VAChT^En1-Cre-flox/flox,OK_En1CreVAChTfx_PAL,Single-housed,Diurnal light cycle,Dr. Marco Prado - Robarts Research Institute - Ornela-Kljakic,PAL-Acquisition,<img src ="../assets/task_images/800x600-left-diagonal-full-228x228.bmp" width='30' height='30' style='margin-top:15px;'/>;<img src ="../assets/task_images/800x600-right-diagonal-full-228x228.bmp" width='30' height='30' style='margin-top:15px;'/>;<img src ="../assets/task_images/800x600-vertical-full-228x228.bmp" width='30' height='30' style='margin-top:15px;'/>,,PAL Acquisition,Mouse dPAL acquisition SIMPLE v3,36,3600,12/19/2016 7:01:32 AM,0.96,1.12,0.854,2.415,1.15,0.797,1.857,2.563,1.001,0.959,1.318,1.557,1.195,1.146,1.247,1.635,0.924,1.104,1.498,1.375,1.466,0.891,1.583,0.868,1.089,1.401,0.937,1.114,0.983,1.466,1.451,5.073,4.374,3.826,3.563,7.305,4.414,6.702,2.812,4.507,10.338,18.629,13.553,6.89,2.578,11.566,6.425,3.087,18.588,9.154,24.99,5.071,0.89,12.776,4.45,2.259,13.796,14.383,2.748,9.904,100,1184.696,141,36,1.088,2.151,0.973,6.049,3.877,2.428,2.229,5.539,1.535,9.808,2.845,2.35,3.611,1.202,1.987,1.055,1.761,0.92,0.956,0.899,0.853,3.732,13.6,2.185,9.937,2.558,2.788,7.646,1.66,1.544,2.641,4.746,2.596,1.254,8.177,1.026
Enf170m4,11_13     ,m,VAChT^flox/flox,VAChT^En1-Cre-flox/flox,OK_En1CreVAChTfx_PAL,Single-housed,Diurnal light cycle,Dr. Marco Prado - Robarts Research Institute - Ornela-Kljakic,PAL-Acquisition,<img src ="../assets/task_images/800x600-left-diagonal-full-228x228.bmp" width='30' height='30' style='margin-top:15px;'/>;<img src ="../assets/task_images/800x600-right-diagonal-full-228x228.bmp" width='30' height='30' style='margin-top:15px;'/>;<img src ="../assets/task_images/800x600-vertical-full-228x228.bmp" width='30' height='30' style='margin-top:15px;'/>,,PAL Acquisition,Mouse dPAL acquisition SIMPLE v3,36,3600,12/6/2016 9:38:48 AM,1.246,1.316,1.224,1.298,1.107,1.142,1.226,1.262,1.113,1.028,1.019,1.613,1.106,1.655,1.038,1.479,1.191,1.083,1.086,1.689,2.174,1.187,2.657,0.991,1.246,1.051,1.063,1.24,1.428,1.611,6.334,5.033,1.246,8.057,2.509,1.138,2.074,5.566,2.12,0.916,4.566,9.273,5.908,5.014,5.99,17.447,1.392,3.602,1.968,12.045,14.039,1.655,12.829,9.639,6.455,5.7,2.143,11.059,1.305,6.993,100,1061.908,79,36,3.515,1.093,4.88,1.654,2.187,1.508,4.299,4.113,1.74,0.873,9.53,2.021,1.704,3.764,1.175,0.971,1.336,1.216,1.064,0.939,0.921,6.933,5.745,7.1,1.248,2.85,1.222,2.308,4.073,2.88,,,,,,
Enf171m10,11_13     ,m,VAChT^flox/flox,VAChT^En1-Cre-flox/flox,OK_En1CreVAChTfx_PAL,Single-housed,Diurnal light cycle,Dr. Marco Prado - Robarts Research Institute - Ornela-Kljakic,PAL-Acquisition,<img src ="../assets/task_images/800x600-left-diagonal-full-228x228.bmp" width='30' height='30' style='margin-top:15px;'/>;<img src ="../assets/task_images/800x600-right-diagonal-full-228x228.bmp" width='30' height='30' style='margin-top:15px;'/>;<img src ="../assets/task_images/800x600-vertical-full-228x228.bmp" width='30' height='30' style='margin-top:15px;'/>,,PAL Acquisition,Mouse dPAL acquisition SIMPLE v3,36,3600,12/6/2016 10:02:06 AM,1.775,1.374,1.525,1.487,1.352,1.107,1.151,1.399,2.113,1.289,1.554,1.868,1.365,1.435,1.28,1.647,1.213,1.148,2.686,0.992,1.354,1.718,2.211,2.301,1.222,1.721,1.202,1.462,1.635,1.671,10.16,11.902,4.407,7.625,5.846,5.422,4.139,3.154,2.241,1.943,5.831,5.677,3.996,8.894,4.802,3.955,2.704,6.595,8.568,4.194,1.833,1.839,6.809,1.596,1.248,7.138,1.242,11.039,5.788,4.156,100,1074.245,69,36,5.944,3.709,1.407,2.351,1.792,3.509,1.892,3.253,3.068,1.545,3.967,5.053,1.527,1.198,1.427,1.474,1.333,1.516,1.359,1.11,1.312,1.136,6.22,5.563,1.951,13.296,4.625,2.535,1.469,4.615,3.206,4.678,,,,
Enf167m1,11_13     ,m, VAChT^En1-Cre-flox/flox,VAChT^En1-Cre-flox/flox,OK_En1CreVAChTfx_PAL,Single-housed,Diurnal light cycle,Dr. Marco Prado - Robarts Research Institute - Ornela-Kljakic,PAL-Acquisition,<img src ="../assets/task_images/800x600-left-diagonal-full-228x228.bmp" width='30' height='30' style='margin-top:15px;'/>;<img src ="../assets/task_images/800x600-right-diagonal-full-228x228.bmp" width='30' height='30' style='margin-top:15px;'/>;<img src ="../assets/task_images/800x600-vertical-full-228x228.bmp" width='30' height='30' style='margin-top:15px;'/>,,PAL Acquisition,Mouse dPAL acquisition SIMPLE v3,30,3600,12/12/16 7:21:00 AM,1.014,1.06,1.093,0.826,1.06,1.235,0.955,1.773,0.886,1.112,1.186,1.229,1.109,1.107,1.12,1.079,1.018,0.835,1.113,1.413,0.979,1.203,0.98,1.158,1.062,1.154,0.939,1.101,1.178,1.384,4.481,0.802,2.77,1.318,0.814,7.51,1.155,8.506,1.385,2.247,6.036,2.888,1.039,1.223,5.055,1.346,2.917,3.254,3.413,5.553,3.125,5.111,2.637,13.71,5.43,1.036,1.107,1.724,6.727,9.41,100,799.81,65,30,2.918,1.681,1.733,0.93,0.909,0.98,0.841,0.867,0.795,0.831,1.19,1.44,0.979,2.327,0.859,,,,,,,,,,,,,2.239,2.977,2.929,5.05,,,,,
Enf167m5,11_13     ,m, VAChT^En1-Cre-flox/flox,VAChT^En1-Cre-flox/flox,OK_En1CreVAChTfx_PAL,Single-housed,Diurnal light cycle,Dr. Marco Prado - Robarts Research Institute - Ornela-Kljakic,PAL-Acquisition,<img src ="../assets/task_images/800x600-left-diagonal-full-228x228.bmp" width='30' height='30' style='margin-top:15px;'/>;<img src ="../assets/task_images/800x600-right-diagonal-full-228x228.bmp" width='30' height='30' style='margin-top:15px;'/>;<img src ="../assets/task_images/800x600-vertical-full-228x228.bmp" width='30' height='30' style='margin-top:15px;'/>,,PAL Acquisition,Mouse dPAL acquisition SIMPLE v3,30,3600,12/12/16 7:20:56 AM,1.005,0.85,1.177,1.23,1.281,1.465,1.05,1.738,1.068,1.369,1.41,1.94,1.977,0.938,1.21,0.91,1.15,1.271,0.96,0.986,1.626,1.607,1.508,1.168,1.232,1.009,1.448,1.362,1.468,2.026,8.942,4.598,7.044,14.285,5.253,3.164,2.697,2.04,2.044,2.579,1.732,1.191,3.25,4.23,1.04,5.892,9.008,8.254,2.174,8.47,9.537,5.794,1.65,3.33,4.642,4.128,1.391,14.93,5.407,23.321,100,873.212,47,30,2.856,1.586,4.571,2.737,1.008,1.322,1.749,6.532,2.54,7.316,5.636,2.518,1.424,1.652,1.119,,,,,,,,,,,,,3.729,,,,,,,,
Enf168m4,11_13     ,m,VAChT^flox/flox,VAChT^En1-Cre-flox/flox,OK_En1CreVAChTfx_PAL,Single-housed,Diurnal light cycle,Dr. Marco Prado - Robarts Research Institute - Ornela-Kljakic,PAL-Acquisition,<img src ="../assets/task_images/800x600-left-diagonal-full-228x228.bmp" width='30' height='30' style='margin-top:15px;'/>;<img src ="../assets/task_images/800x600-right-diagonal-full-228x228.bmp" width='30' height='30' style='margin-top:15px;'/>;<img src ="../assets/task_images/800x600-vertical-full-228x228.bmp" width='30' height='30' style='margin-top:15px;'/>,,PAL Acquisition,Mouse dPAL acquisition SIMPLE v3,36,3600,12/19/16 7:02:36 AM,1.112,0.98,1.048,1.024,1.109,1.043,1.07,0.964,1.133,0.941,0.796,0.94,1.094,0.997,1.506,3.032,1.24,1.123,1.366,1.121,2.535,0.8,1.358,1.106,0.953,0.878,0.95,1.774,0.914,1.009,6.631,3.885,2.505,5.06,3.113,1.245,6.64,2.339,3.108,2.035,1.034,6.009,3.556,1.96,10.501,19.129,6.364,3.034,4.692,5.48,4.101,1.08,7.132,23.713,3.347,1.129,6.66,23.726,3.934,5.853,100,1201.829,56,36,2.663,1.819,2.632,1.879,2.168,1.619,0.977,1.14,2.387,3.151,1.479,1.782,2.353,3.497,3.153,1.199,2.232,1.136,1.318,0.831,0.83,8.74,18.049,7.013,5.785,4.193,2.718,7.447,4.963,2.814,1.327,2.202,,,,
Enf169m4,11_13     ,m,VAChT^flox/flox,VAChT^En1-Cre-flox/flox,OK_En1CreVAChTfx_PAL,Single-housed,Diurnal light cycle,Dr. Marco Prado - Robarts Research Institute - Ornela-Kljakic,PAL-Acquisition,<img src ="../assets/task_images/800x600-left-diagonal-full-228x228.bmp" width='30' height='30' style='margin-top:15px;'/>;<img src ="../assets/task_images/800x600-right-diagonal-full-228x228.bmp" width='30' height='30' style='margin-top:15px;'/>;<img src ="../assets/task_images/800x600-vertical-full-228x228.bmp" width='30' height='30' style='margin-top:15px;'/>,,PAL Acquisition,Mouse dPAL acquisition SIMPLE v3,36,3600,12/19/16 7:02:41 AM,1.01,1.288,1.472,1.027,1.259,1.186,1.198,1.057,1.077,1.074,1.013,1.506,1.228,1.271,1.3,1.112,1.028,1.34,0.983,1.253,0.968,1.062,1.172,1.247,1.103,1.067,1.239,1.468,1.221,0.973,9.045,1.05,1.294,1.047,1.116,2.536,1.576,1.026,1.311,1.676,0.951,6.064,13.785,2.942,0.954,2.634,1.299,5.629,1.057,5.551,1.441,5.13,0.993,2.724,1.647,5.092,0.923,1.939,0.924,14.383,100,978.916,63,36,5.628,1.201,0.996,1.086,1.01,1.241,1.122,1.156,1.03,1.042,0.927,1.062,,,,1.121,1.183,1.096,1.381,1.031,0.914,1.635,1.011,0.83,5.111,1.076,1.416,,,,,,,,,
Enf170m8,11_13     ,m, VAChT^En1-Cre-flox/flox,VAChT^En1-Cre-flox/flox,OK_En1CreVAChTfx_PAL,Single-housed,Diurnal light cycle,Dr. Marco Prado - Robarts Research Institute - Ornela-Kljakic,PAL-Acquisition,<img src ="../assets/task_images/800x600-left-diagonal-full-228x228.bmp" width='30' height='30' style='margin-top:15px;'/>;<img src ="../assets/task_images/800x600-right-diagonal-full-228x228.bmp" width='30' height='30' style='margin-top:15px;'/>;<img src ="../assets/task_images/800x600-vertical-full-228x228.bmp" width='30' height='30' style='margin-top:15px;'/>,,PAL Acquisition,Mouse dPAL acquisition SIMPLE v3,30,3600,12/12/16 7:40:40 AM,1.109,1.179,1.091,1.113,1.49,1.212,1.23,1.062,1.592,2.093,1.487,1.197,1.205,1.491,1.671,1.69,1.611,1.336,1.354,1.282,1.367,1.564,1.748,1.496,1.305,1.809,7.09,1.829,1.499,1.449,2.94,1.521,2.175,1.191,1.195,12.903,6.155,4.114,10.028,5.474,7.035,8.583,6.997,7.102,3.177,4.17,2.521,12.129,4.933,1.135,1.17,2.857,3.342,1.584,4.566,4.274,13.605,2.814,2.022,27.946,100,947.759,22,30,1.2,3.135,8.771,1.818,4.317,2.73,3.233,4.615,4.132,,,,,,,,,,,,,,,,,,,,,,,,,,,
Enf171m9,11_13     ,m,VAChT^flox/flox,VAChT^En1-Cre-flox/flox,OK_En1CreVAChTfx_PAL,Single-housed,Diurnal light cycle,Dr. Marco Prado - Robarts Research Institute - Ornela-Kljakic,PAL-Acquisition,<img src ="../assets/task_images/800x600-left-diagonal-full-228x228.bmp" width='30' height='30' style='margin-top:15px;'/>;<img src ="../assets/task_images/800x600-right-diagonal-full-228x228.bmp" width='30' height='30' style='margin-top:15px;'/>;<img src ="../assets/task_images/800x600-vertical-full-228x228.bmp" width='30' height='30' style='margin-top:15px;'/>,,PAL Acquisition,Mouse dPAL acquisition SIMPLE v3,30,3600,12/12/16 7:40:31 AM,1.205,1.384,1.295,1.115,4.736,1.095,1.082,0.976,1.048,1.378,2.709,2.594,1.815,1.133,1.37,1.926,1.642,1.69,1.294,1.678,0.858,1.734,1.339,1.068,1.415,1.03,1.053,1.191,1.308,0.823,2.454,1.632,3.031,5.72,11.636,8.744,7.677,3.81,2.388,9.264,6.892,6.192,3.977,5.033,18.617,3.571,4.05,6.63,3.949,7.304,2.045,6.745,10.474,2.937,15.33,2.769,9.967,15.25,12.356,2.25,100,1028.855,58,30,1.126,2.786,4.044,2.399,1.457,6.07,2.21,2.282,3.033,3.424,3.789,3.136,4.17,9.225,3.645,,,,,,,,,,,,,1.092,,,,,,,,
